healthy/Circle/circA-P1.jpg,healthy/HealthySignal/circA-H1.csv,0
healthy/Circle/circA-P10.jpg,healthy/HealthySignal/circA-H10.csv,0
healthy/Circle/circA-P11.jpg,healthy/HealthySignal/circA-H11.csv,0
healthy/Circle/circA-P16.jpg,healthy/HealthySignal/circA-H16.csv,0
healthy/Circle/circA-P26.jpg,healthy/HealthySignal/circA-H26.csv,0
healthy/Circle/circA-P31.jpg,healthy/HealthySignal/circA-H31.csv,0
healthy/Circle/circA-P36.jpg,healthy/HealthySignal/circA-H36.csv,0
healthy/Circle/circA-P4.jpg,healthy/HealthySignal/circA-H4.csv,0
healthy/Circle/circA-P5.jpg,healthy/HealthySignal/circA-H5.csv,0
healthy/Circle/circA-P7.jpg,healthy/HealthySignal/circA-H7.csv,0
healthy/Circle/circA-p27.jpg,healthy/HealthySignal/circA-H27.csv,0
