healthy/HealthySpiral/sp1-H1.jpg,healthy/HealthySignal/sigSp1-H1.csv,0
healthy/HealthySpiral/sp1-H10.jpg,healthy/HealthySignal/sigSp1-H10.csv,0
healthy/HealthySpiral/sp1-H11.jpg,healthy/HealthySignal/sigSp1-H11.csv,0
healthy/HealthySpiral/sp1-H13.jpg,healthy/HealthySignal/sigSp1-H13.csv,0
healthy/HealthySpiral/sp1-H14.jpg,healthy/HealthySignal/sigSp1-H14.csv,0
healthy/HealthySpiral/sp1-H16.jpg,healthy/HealthySignal/sigSp1-H16.csv,0
healthy/HealthySpiral/sp1-H18.jpg,healthy/HealthySignal/sigSp1-H18.csv,0
healthy/HealthySpiral/sp1-H2.jpg,healthy/HealthySignal/sigSp1-H2.csv,0
healthy/HealthySpiral/sp1-H20.jpg,healthy/HealthySignal/sigSp1-H20.csv,0
healthy/HealthySpiral/sp1-H21.jpg,healthy/HealthySignal/sigSp1-H21.csv,0
healthy/HealthySpiral/sp1-H22.jpg,healthy/HealthySignal/sigSp1-H22.csv,0
healthy/HealthySpiral/sp1-H23.jpg,healthy/HealthySignal/sigSp1-H23.csv,0
healthy/HealthySpiral/sp1-H26.jpg,healthy/HealthySignal/sigSp1-H26.csv,0
healthy/HealthySpiral/sp1-H27.jpg,healthy/HealthySignal/sigSp1-H27.csv,0
healthy/HealthySpiral/sp1-H28.jpg,healthy/HealthySignal/sigSp1-H28.csv,0
healthy/HealthySpiral/sp1-H31.jpg,healthy/HealthySignal/sigSp1-H31.csv,0
healthy/HealthySpiral/sp1-H32.jpg,healthy/HealthySignal/sigSp1-H32.csv,0
healthy/HealthySpiral/sp1-H33.jpg,healthy/HealthySignal/sigSp1-H33.csv,0
healthy/HealthySpiral/sp1-H34.jpg,healthy/HealthySignal/sigSp1-H34.csv,0
healthy/HealthySpiral/sp1-H36.jpg,healthy/HealthySignal/sigSp1-H36.csv,0
healthy/HealthySpiral/sp1-H37.jpg,healthy/HealthySignal/sigSp1-H37.csv,0
healthy/HealthySpiral/sp1-H38.jpg,healthy/HealthySignal/sigSp1-H38.csv,0
healthy/HealthySpiral/sp1-H4.jpg,healthy/HealthySignal/sigSp1-H4.csv,0
healthy/HealthySpiral/sp1-H7.jpg,healthy/HealthySignal/sigSp1-H7.csv,0
healthy/HealthySpiral/sp1-H8.jpg,healthy/HealthySignal/sigSp1-H8.csv,0
healthy/HealthySpiral/sp2-H1.jpg,healthy/HealthySignal/sigSp2-H1.csv,0
healthy/HealthySpiral/sp2-H10.jpg,healthy/HealthySignal/sigSp2-H10.csv,0
healthy/HealthySpiral/sp2-H11.jpg,healthy/HealthySignal/sigSp2-H11.csv,0
healthy/HealthySpiral/sp2-H13.jpg,healthy/HealthySignal/sigSp2-H13.csv,0
healthy/HealthySpiral/sp2-H14.jpg,healthy/HealthySignal/sigSp2-H14.csv,0
healthy/HealthySpiral/sp2-H16.jpg,healthy/HealthySignal/sigSp2-H16.csv,0
healthy/HealthySpiral/sp2-H17.jpg,healthy/HealthySignal/sigSp2-H17.csv,0
healthy/HealthySpiral/sp2-H18.jpg,healthy/HealthySignal/sigSp2-H18.csv,0
healthy/HealthySpiral/sp2-H2.jpg,healthy/HealthySignal/sigSp2-H2.csv,0
healthy/HealthySpiral/sp2-H20.jpg,healthy/HealthySignal/sigSp2-H20.csv,0
healthy/HealthySpiral/sp2-H22.jpg,healthy/HealthySignal/sigSp2-H22.csv,0
healthy/HealthySpiral/sp2-H23.jpg,healthy/HealthySignal/sigSp2-H23.csv,0
healthy/HealthySpiral/sp2-H26.jpg,healthy/HealthySignal/sigSp2-H26.csv,0
healthy/HealthySpiral/sp2-H27.jpg,healthy/HealthySignal/sigSp2-H27.csv,0
healthy/HealthySpiral/sp2-H28.jpg,healthy/HealthySignal/sigSp2-H28.csv,0
healthy/HealthySpiral/sp2-H31.jpg,healthy/HealthySignal/sigSp2-H31.csv,0
healthy/HealthySpiral/sp2-H32.jpg,healthy/HealthySignal/sigSp2-H32.csv,0
healthy/HealthySpiral/sp2-H33.jpg,healthy/HealthySignal/sigSp2-H33.csv,0
healthy/HealthySpiral/sp2-H34.jpg,healthy/HealthySignal/sigSp2-H34.csv,0
healthy/HealthySpiral/sp2-H35.jpg,healthy/HealthySignal/sigSp2-H35.csv,0
healthy/HealthySpiral/sp2-H36.jpg,healthy/HealthySignal/sigSp2-H36.csv,0
healthy/HealthySpiral/sp2-H37.jpg,healthy/HealthySignal/sigSp2-H37.csv,0
healthy/HealthySpiral/sp2-H38.jpg,healthy/HealthySignal/sigSp2-H38.csv,0
healthy/HealthySpiral/sp2-H4.jpg,healthy/HealthySignal/sigSp2-H4.csv,0
healthy/HealthySpiral/sp2-H7.jpg,healthy/HealthySignal/sigSp2-H7.csv,0
healthy/HealthySpiral/sp2-H8.jpg,healthy/HealthySignal/sigSp2-H8.csv,0
healthy/HealthySpiral/sp3-H1.jpg,healthy/HealthySignal/sigSp3-H1.csv,0
healthy/HealthySpiral/sp3-H10.jpg,healthy/HealthySignal/sigSp3-H10.csv,0
healthy/HealthySpiral/sp3-H11.jpg,healthy/HealthySignal/sigSp3-H11.csv,0
healthy/HealthySpiral/sp3-H14.jpg,healthy/HealthySignal/sigSp3-H14.csv,0
healthy/HealthySpiral/sp3-H16.jpg,healthy/HealthySignal/sigSp3-H16.csv,0
healthy/HealthySpiral/sp3-H17.jpg,healthy/HealthySignal/sigSp3-H17.csv,0
healthy/HealthySpiral/sp3-H18.jpg,healthy/HealthySignal/sigSp3-H18.csv,0
healthy/HealthySpiral/sp3-H2.jpg,healthy/HealthySignal/sigSp3-H2.csv,0
healthy/HealthySpiral/sp3-H20.jpg,healthy/HealthySignal/sigSp3-H20.csv,0
healthy/HealthySpiral/sp3-H22.jpg,healthy/HealthySignal/sigSp3-H22.csv,0
healthy/HealthySpiral/sp3-H23.jpg,healthy/HealthySignal/sigSp3-H23.csv,0
healthy/HealthySpiral/sp3-H26.jpg,healthy/HealthySignal/sigSp3-H26.csv,0
healthy/HealthySpiral/sp3-H27.jpg,healthy/HealthySignal/sigSp3-H27.csv,0
healthy/HealthySpiral/sp3-H28.jpg,healthy/HealthySignal/sigSp3-H28.csv,0
healthy/HealthySpiral/sp3-H29.jpg,healthy/HealthySignal/sigSp3-H29.csv,0
healthy/HealthySpiral/sp3-H31.jpg,healthy/HealthySignal/sigSp3-H31.csv,0
healthy/HealthySpiral/sp3-H33.jpg,healthy/HealthySignal/sigSp3-H33.csv,0
healthy/HealthySpiral/sp3-H34.jpg,healthy/HealthySignal/sigSp3-H34.csv,0
healthy/HealthySpiral/sp3-H36.jpg,healthy/HealthySignal/sigSp3-H36.csv,0
healthy/HealthySpiral/sp3-H38.jpg,healthy/HealthySignal/sigSp3-H38.csv,0
healthy/HealthySpiral/sp3-H4.jpg,healthy/HealthySignal/sigSp3-H4.csv,0
healthy/HealthySpiral/sp3-H7.jpg,healthy/HealthySignal/sigSp3-H7.csv,0
healthy/HealthySpiral/sp3-H8.jpg,healthy/HealthySignal/sigSp3-H8.csv,0
healthy/HealthySpiral/sp4-H10.jpg,healthy/HealthySignal/sigSp4-H10.csv,0
healthy/HealthySpiral/sp4-H11.jpg,healthy/HealthySignal/sigSp4-H11.csv,0
healthy/HealthySpiral/sp4-H13.jpg,healthy/HealthySignal/sigSp4-H13.csv,0
healthy/HealthySpiral/sp4-H14.jpg,healthy/HealthySignal/sigSp4-H14.csv,0
healthy/HealthySpiral/sp4-H16.jpg,healthy/HealthySignal/sigSp4-H16.csv,0
healthy/HealthySpiral/sp4-H17.jpg,healthy/HealthySignal/sigSp4-H17.csv,0
healthy/HealthySpiral/sp4-H18.jpg,healthy/HealthySignal/sigSp4-H18.csv,0
healthy/HealthySpiral/sp4-H2.jpg,healthy/HealthySignal/sigSp4-H2.csv,0
healthy/HealthySpiral/sp4-H20.jpg,healthy/HealthySignal/sigSp4-H20.csv,0
healthy/HealthySpiral/sp4-H21.jpg,healthy/HealthySignal/sigSp4-H21.csv,0
healthy/HealthySpiral/sp4-H22.jpg,healthy/HealthySignal/sigSp4-H22.csv,0
healthy/HealthySpiral/sp4-H23.jpg,healthy/HealthySignal/sigSp4-H23.csv,0
healthy/HealthySpiral/sp4-H24.jpg,healthy/HealthySignal/sigSp4-H24.csv,0
healthy/HealthySpiral/sp4-H26.jpg,healthy/HealthySignal/sigSp4-H26.csv,0
healthy/HealthySpiral/sp4-H27.jpg,healthy/HealthySignal/sigSp4-H27.csv,0
healthy/HealthySpiral/sp4-H28.jpg,healthy/HealthySignal/sigSp4-H28.csv,0
healthy/HealthySpiral/sp4-H29.jpg,healthy/HealthySignal/sigSp4-H29.csv,0
healthy/HealthySpiral/sp4-H31.jpg,healthy/HealthySignal/sigSp4-H31.csv,0
healthy/HealthySpiral/sp4-H32.jpg,healthy/HealthySignal/sigSp4-H32.csv,0
healthy/HealthySpiral/sp4-H33.jpg,healthy/HealthySignal/sigSp4-H33.csv,0
healthy/HealthySpiral/sp4-H34.jpg,healthy/HealthySignal/sigSp4-H34.csv,0
healthy/HealthySpiral/sp4-H35.jpg,healthy/HealthySignal/sigSp4-H35.csv,0
healthy/HealthySpiral/sp4-H36.jpg,healthy/HealthySignal/sigSp4-H36.csv,0
healthy/HealthySpiral/sp4-H37.jpg,healthy/HealthySignal/sigSp4-H37.csv,0
healthy/HealthySpiral/sp4-H38.jpg,healthy/HealthySignal/sigSp4-H38.csv,0
healthy/HealthySpiral/sp4-H4.jpg,healthy/HealthySignal/sigSp4-H4.csv,0
healthy/HealthySpiral/sp4-H7.jpg,healthy/HealthySignal/sigSp4-H7.csv,0
healthy/HealthySpiral/sp4-H8.jpg,healthy/HealthySignal/sigSp4-H8.csv,0
healthy/HealthySpiral/sp4-H9.jpg,healthy/HealthySignal/sigSp4-H9.csv,0
patient/PatientSpiral/sp1-P12.jpg,patient/PatientSignal/sigSp1-P12.csv,1
patient/PatientSpiral/sp1-P20.jpg,patient/PatientSignal/sigSp1-P20.csv,1
patient/PatientSpiral/sp1-P23.jpg,patient/PatientSignal/sigSp1-P23.csv,1
patient/PatientSpiral/sp1-P31.jpg,patient/PatientSignal/sigSp1-P31.csv,1
patient/PatientSpiral/sp1-P8.jpg,patient/PatientSignal/sigSp1-P8.csv,1
patient/PatientSpiral/sp2-P12.jpg,patient/PatientSignal/sigSp2-P12.csv,1
patient/PatientSpiral/sp2-P20.jpg,patient/PatientSignal/sigSp2-P20.csv,1
patient/PatientSpiral/sp2-P31.jpg,patient/PatientSignal/sigSp2-P31.csv,1
patient/PatientSpiral/sp2-P32.jpg,patient/PatientSignal/sigSp2-P32.csv,1
patient/PatientSpiral/sp2-P6.jpg,patient/PatientSignal/sigSp2-P6.csv,1
patient/PatientSpiral/sp2-P8.jpg,patient/PatientSignal/sigSp2-P8.csv,1
patient/PatientSpiral/sp3-P12.jpg,patient/PatientSignal/sigSp3-P12.csv,1
patient/PatientSpiral/sp3-P31.jpg,patient/PatientSignal/sigSp3-P31.csv,1
patient/PatientSpiral/sp3-P6.jpg,patient/PatientSignal/sigSp3-P6.csv,1
patient/PatientSpiral/sp3-P8.jpg,patient/PatientSignal/sigSp3-P8.csv,1
patient/PatientSpiral/sp4-P12.jpg,patient/PatientSignal/sigSp4-P12.csv,1
patient/PatientSpiral/sp4-P20.jpg,patient/PatientSignal/sigSp4-P20.csv,1
patient/PatientSpiral/sp4-P23.jpg,patient/PatientSignal/sigSp4-P23.csv,1
patient/PatientSpiral/sp4-P27.jpg,patient/PatientSignal/sigSp4-P27.csv,1
patient/PatientSpiral/sp4-P31.jpg,patient/PatientSignal/sigSp4-P31.csv,1
patient/PatientSpiral/sp4-P6.jpg,patient/PatientSignal/sigSp4-P6.csv,1
patient/PatientSpiral/sp4-P8.jpg,patient/PatientSignal/sigSp4-P8.csv,1
