healthy/HealthyMeander/mea1-H27.jpg,healthy/HealthySignal/sigMea1-H27.csv,0
healthy/HealthyMeander/mea3-H28.jpg,healthy/HealthySignal/sigMea3-H28.csv,0
healthy/HealthyMeander/mea1-H18.jpg,healthy/HealthySignal/sigMea1-H18.csv,0
healthy/HealthyMeander/mea1-H33.jpg,healthy/HealthySignal/sigMea1-H33.csv,0
patient/PatientMeander/mea4-P9.jpg,patient/PatientSignal/sigMea4-P9.csv,1
healthy/HealthyMeander/mea4-H17.jpg,healthy/HealthySignal/sigMea4-H17.csv,0
healthy/HealthyMeander/mea3-H22.jpg,healthy/HealthySignal/sigMea3-H22.csv,0
healthy/HealthyMeander/mea3-H10.jpg,healthy/HealthySignal/sigMea3-H10.csv,0
healthy/HealthyMeander/mea1-H22.jpg,healthy/HealthySignal/sigMea1-H22.csv,0
patient/PatientMeander/mea4-P10.jpg,patient/PatientSignal/sigMea4-P10.csv,1
healthy/HealthyMeander/mea3-H20.jpg,healthy/HealthySignal/sigMea3-H20.csv,0
healthy/HealthyMeander/mea4-H11.jpg,healthy/HealthySignal/sigMea4-H11.csv,0
healthy/HealthyMeander/mea3-H29.jpg,healthy/HealthySignal/sigMea3-H29.csv,0
healthy/HealthyMeander/mea3-H18.jpg,healthy/HealthySignal/sigMea3-H18.csv,0
healthy/HealthyMeander/mea4-H13.jpg,healthy/HealthySignal/sigMea4-H13.csv,0
healthy/HealthyMeander/mea3-H31.jpg,healthy/HealthySignal/sigMea3-H31.csv,0
healthy/HealthyMeander/mea4-H37.jpg,healthy/HealthySignal/sigMea4-H37.csv,0
healthy/HealthyMeander/mea1-H1.jpg,healthy/HealthySignal/sigMea1-H1.csv,0
healthy/HealthyMeander/mea1-H12.jpg,healthy/HealthySignal/sigMea1-H12.csv,0
healthy/HealthyMeander/mea2-H2.jpg,healthy/HealthySignal/sigMea2-H2.csv,0
healthy/HealthyMeander/mea2-H13.jpg,healthy/HealthySignal/sigMea2-H13.csv,0
healthy/HealthyMeander/mea4-H26.jpg,healthy/HealthySignal/sigMea4-H26.csv,0
patient/PatientMeander/mea3-P22.jpg,patient/PatientSignal/sigMea3-P22.csv,1
healthy/HealthyMeander/mea4-H36.jpg,healthy/HealthySignal/sigMea4-H36.csv,0
healthy/HealthyMeander/mea4-H21.jpg,healthy/HealthySignal/sigMea4-H21.csv,0
patient/PatientMeander/mea4-P6.jpg,patient/PatientSignal/sigMea4-P6.csv,1
healthy/HealthyMeander/mea2-H26.jpg,healthy/HealthySignal/sigMea2-H26.csv,0
healthy/HealthyMeander/mea4-H4.jpg,healthy/HealthySignal/sigMea4-H4.csv,0
patient/PatientMeander/mea1-P8.jpg,patient/PatientSignal/sigMea1-P8.csv,1
healthy/HealthyMeander/mea3-H21.jpg,healthy/HealthySignal/sigMea3-H21.csv,0
patient/PatientMeander/mea4-P27.jpg,patient/PatientSignal/sigMea4-P27.csv,1
healthy/HealthyMeander/mea2-H17.jpg,healthy/HealthySignal/sigMea2-H17.csv,0
healthy/HealthyMeander/mea3-H23.jpg,healthy/HealthySignal/sigMea3-H23.csv,0
healthy/HealthyMeander/mea1-H4.jpg,healthy/HealthySignal/sigMea1-H4.csv,0
healthy/HealthyMeander/mea3-H32.jpg,healthy/HealthySignal/sigMea3-H32.csv,0
healthy/HealthyMeander/mea2-H34.jpg,healthy/HealthySignal/sigMea2-H34.csv,0
patient/PatientMeander/mea3-P6.jpg,patient/PatientSignal/sigMea3-P6.csv,1
healthy/HealthyMeander/mea3-H26.jpg,healthy/HealthySignal/sigMea3-H26.csv,0
healthy/HealthyMeander/mea4-H38.jpg,healthy/HealthySignal/sigMea4-H38.csv,0
healthy/HealthyMeander/mea3-H17.jpg,healthy/HealthySignal/sigMea3-H17.csv,0
healthy/HealthyMeander/mea2-H36.jpg,healthy/HealthySignal/sigMea2-H36.csv,0
healthy/HealthyMeander/mea4-H34.jpg,healthy/HealthySignal/sigMea4-H34.csv,0
healthy/HealthyMeander/mea2-H23.jpg,healthy/HealthySignal/sigMea2-H23.csv,0
healthy/HealthyMeander/mea3-H16.jpg,healthy/HealthySignal/sigMea3-H16.csv,0
healthy/HealthyMeander/mea2-H35.jpg,healthy/HealthySignal/sigMea2-H35.csv,0
healthy/HealthyMeander/mea1-H31.jpg,healthy/HealthySignal/sigMea1-H31.csv,0
healthy/HealthyMeander/mea1-H14.jpg,healthy/HealthySignal/sigMea1-H14.csv,0
healthy/HealthyMeander/mea4-H35.jpg,healthy/HealthySignal/sigMea4-H35.csv,0
healthy/HealthyMeander/mea1-H7.jpg,healthy/HealthySignal/sigMea1-H7.csv,0
healthy/HealthyMeander/mea1-H24.jpg,healthy/HealthySignal/sigMea1-H24.csv,0
healthy/HealthyMeander/mea1-H29.jpg,healthy/HealthySignal/sigMea1-H29.csv,0
patient/PatientMeander/mea4-P14.jpg,patient/PatientSignal/sigMea4-P14.csv,1
healthy/HealthyMeander/mea2-H10.jpg,healthy/HealthySignal/sigMea2-H10.csv,0
healthy/HealthyMeander/mea3-H11.jpg,healthy/HealthySignal/sigMea3-H11.csv,0
healthy/HealthyMeander/mea3-H33.jpg,healthy/HealthySignal/sigMea3-H33.csv,0
healthy/HealthyMeander/mea4-H33.jpg,healthy/HealthySignal/sigMea4-H33.csv,0
healthy/HealthyMeander/mea2-H29.jpg,healthy/HealthySignal/sigMea2-H29.csv,0
healthy/HealthyMeander/mea3-H12.jpg,healthy/HealthySignal/sigMea3-H12.csv,0
healthy/HealthyMeander/mea1-H23.jpg,healthy/HealthySignal/sigMea1-H23.csv,0
healthy/HealthyMeander/mea2-H7.jpg,healthy/HealthySignal/sigMea2-H7.csv,0
healthy/HealthyMeander/mea3-H35.jpg,healthy/HealthySignal/sigMea3-H35.csv,0
patient/PatientMeander/mea3-P27.jpg,patient/PatientSignal/sigMea3-P27.csv,1
healthy/HealthyMeander/mea3-H36.jpg,healthy/HealthySignal/sigMea3-H36.csv,0
healthy/HealthyMeander/mea1-H20.jpg,healthy/HealthySignal/sigMea1-H20.csv,0
healthy/HealthyMeander/mea2-H22.jpg,healthy/HealthySignal/sigMea2-H22.csv,0
patient/PatientMeander/mea4-P12.jpg,patient/PatientSignal/sigMea4-P12.csv,1
healthy/HealthyMeander/mea4-H12.jpg,healthy/HealthySignal/sigMea4-H12.csv,0
patient/PatientMeander/mea4-P22.jpg,patient/PatientSignal/sigMea4-P22.csv,1
healthy/HealthyMeander/mea4-H10.jpg,healthy/HealthySignal/sigMea4-H10.csv,0
patient/PatientMeander/mea3-P31.jpg,patient/PatientSignal/sigMea3-P31.csv,1
patient/PatientMeander/mea2-P6.jpg,patient/PatientSignal/sigMea2-P6.csv,1
healthy/HealthyMeander/mea4-H23.jpg,healthy/HealthySignal/sigMea4-H23.csv,0
healthy/HealthyMeander/mea3-H14.jpg,healthy/HealthySignal/sigMea3-H14.csv,0
healthy/HealthyMeander/mea1-H36.jpg,healthy/HealthySignal/sigMea1-H36.csv,0
healthy/HealthyMeander/mea1-H16.jpg,healthy/HealthySignal/sigMea1-H16.csv,0
patient/PatientMeander/mea4-P31.jpg,patient/PatientSignal/sigMea4-P31.csv,1
healthy/HealthyMeander/mea2-H27.jpg,healthy/HealthySignal/sigMea2-H27.csv,0
healthy/HealthyMeander/mea3-H8.jpg,healthy/HealthySignal/sigMea3-H8.csv,0
healthy/HealthyMeander/mea1-H8.jpg,healthy/HealthySignal/sigMea1-H8.csv,0
healthy/HealthyMeander/mea1-H2.jpg,healthy/HealthySignal/sigMea1-H2.csv,0
healthy/HealthyMeander/mea3-H7.jpg,healthy/HealthySignal/sigMea3-H7.csv,0
patient/PatientMeander/mea2-P20.jpg,patient/PatientSignal/sigMea2-P20.csv,1
healthy/HealthyMeander/mea4-H32.jpg,healthy/HealthySignal/sigMea4-H32.csv,0
healthy/HealthyMeander/mea1-H38.jpg,healthy/HealthySignal/sigMea1-H38.csv,0
healthy/HealthyMeander/mea4-H16.jpg,healthy/HealthySignal/sigMea4-H16.csv,0
healthy/HealthyMeander/mea1-H17.jpg,healthy/HealthySignal/sigMea1-H17.csv,0
healthy/HealthyMeander/mea3-H2.jpg,healthy/HealthySignal/sigMea3-H2.csv,0
healthy/HealthyMeander/mea4-H18.jpg,healthy/HealthySignal/sigMea4-H18.csv,0
healthy/HealthyMeander/mea2-H33.jpg,healthy/HealthySignal/sigMea2-H33.csv,0
healthy/HealthyMeander/mea3-H1.jpg,healthy/HealthySignal/sigMea3-H1.csv,0
healthy/HealthyMeander/mea3-H4.jpg,healthy/HealthySignal/sigMea3-H4.csv,0
patient/PatientMeander/mea4-P20.jpg,patient/PatientSignal/sigMea4-P20.csv,1
healthy/HealthyMeander/mea4-H7.jpg,healthy/HealthySignal/sigMea4-H7.csv,0
patient/PatientMeander/mea3-P8.jpg,patient/PatientSignal/sigMea3-P8.csv,1
healthy/HealthyMeander/mea2-H28.jpg,healthy/HealthySignal/sigMea2-H28.csv,0
healthy/HealthyMeander/mea2-H8.jpg,healthy/HealthySignal/sigMea2-H8.csv,0
patient/PatientMeander/mea3-P20.jpg,patient/PatientSignal/sigMea3-P20.csv,1
healthy/HealthyMeander/mea4-H2.jpg,healthy/HealthySignal/sigMea4-H2.csv,0
healthy/HealthyMeander/mea2-H18.jpg,healthy/HealthySignal/sigMea2-H18.csv,0
healthy/HealthyMeander/mea3-H34.jpg,healthy/HealthySignal/sigMea3-H34.csv,0
healthy/HealthyMeander/mea2-H31.jpg,healthy/HealthySignal/sigMea2-H31.csv,0
patient/PatientMeander/mea1-P20.jpg,patient/PatientSignal/sigMea1-P20.csv,1
healthy/HealthyMeander/mea1-H32.jpg,healthy/HealthySignal/sigMea1-H32.csv,0
healthy/HealthyMeander/mea3-H37.jpg,healthy/HealthySignal/sigMea3-H37.csv,0
healthy/HealthyMeander/mea2-H20.jpg,healthy/HealthySignal/sigMea2-H20.csv,0
healthy/HealthyMeander/mea2-H14.jpg,healthy/HealthySignal/sigMea2-H14.csv,0
patient/PatientMeander/mea1-P6.jpg,patient/PatientSignal/sigMea1-P6.csv,1
healthy/HealthyMeander/mea4-H29.jpg,healthy/HealthySignal/sigMea4-H29.csv,0
healthy/HealthyMeander/mea2-H16.jpg,healthy/HealthySignal/sigMea2-H16.csv,0
healthy/HealthyMeander/mea1-H21.jpg,healthy/HealthySignal/sigMea1-H21.csv,0
healthy/HealthyMeander/mea2-H30.jpg,healthy/HealthySignal/sigMea2-H30.csv,0
healthy/HealthyMeander/mea2-H4.jpg,healthy/HealthySignal/sigMea2-H4.csv,0
healthy/HealthyMeander/mea2-H32.jpg,healthy/HealthySignal/sigMea2-H32.csv,0
